{"cameraMode":{"drawMode":0,"name":"Shaded","section":"Shading Mode"},"sceneLighting":true,"audioPlay":false,"sceneViewState":{"m_AlwaysRefresh":false,"showFog":true,"showSkybox":true,"showFlares":true,"showImageEffects":true,"showParticleSystems":true,"showVisualEffectGraphs":true,"m_FxEnabled":true},"in2DMode":false,"pivot":{"x":14.20749282836914,"y":11.074464797973633,"z":-7.522838592529297},"rotation":{"x":0.01190617773681879,"y":0.9694357514381409,"z":-0.04802625626325607,"w":0.24032248556613923},"size":24.140243530273439,"orthographic":false}